{
  "rmse_all_horizon": 57.68781661987305,
  "mae_all_horizon": 28.372703552246094,
  "rmse_per_horizon": [
    34.96193313598633,
    42.352134704589844,
    47.920989990234375,
    51.81281280517578,
    55.55739212036133,
    57.321876525878906,
    58.340843200683594,
    59.26702880859375,
    59.58003234863281,
    59.67873764038086,
    59.73208236694336,
    59.952457427978516,
    60.48093032836914,
    60.88106155395508,
    60.72653579711914,
    60.64809036254883,
    61.24941635131836,
    60.91842269897461,
    60.926368713378906,
    60.88447952270508,
    60.91627883911133,
    60.44361877441406,
    60.54468536376953,
    60.56196594238281
  ],
  "mae_per_horizon": [
    16.827167510986328,
    20.776220321655273,
    23.7628231048584,
    25.85053253173828,
    27.696950912475586,
    28.545427322387695,
    29.023771286010742,
    29.4442138671875,
    29.511493682861328,
    29.546213150024414,
    29.59123992919922,
    29.68894386291504,
    30.07136344909668,
    30.10759925842285,
    30.07354736328125,
    29.93570327758789,
    30.1832332611084,
    30.10137176513672,
    30.128665924072266,
    30.124217987060547,
    30.135021209716797,
    29.917774200439453,
    29.925086975097656,
    29.97601890563965
  ]
}