{
  "rmse_all_horizon": 48.91682052612305,
  "mae_all_horizon": 24.292827606201172,
  "r2_all_horizon": 0.9590849876403809,
  "mape_all_horizon_pct": 18.411474227905273,
  "rmse_per_horizon": [
    32.02178955078125,
    37.63998031616211,
    42.60400390625,
    46.166194915771484,
    48.21554183959961,
    49.19894027709961,
    49.678977966308594,
    49.875282287597656,
    50.33319854736328,
    50.858638763427734,
    50.7264289855957,
    50.648807525634766,
    51.12177276611328,
    50.65043640136719,
    50.90106201171875,
    51.01516342163086,
    50.90325927734375,
    50.680057525634766,
    51.03078079223633,
    50.99232482910156,
    50.72191619873047,
    50.777801513671875,
    51.0006217956543,
    50.90947723388672
  ],
  "mae_per_horizon": [
    15.913468360900879,
    19.10613250732422,
    21.73964500427246,
    23.53301239013672,
    24.315114974975586,
    24.695344924926758,
    24.93592643737793,
    25.020387649536133,
    25.18903160095215,
    25.36748504638672,
    25.350513458251953,
    25.208589553833008,
    25.463640213012695,
    25.2031307220459,
    25.386571884155273,
    25.38421630859375,
    25.237829208374023,
    25.051132202148438,
    25.314468383789062,
    25.234817504882812,
    25.060009002685547,
    25.10712432861328,
    25.186077117919922,
    25.02464485168457
  ],
  "r2_per_horizon": [
    0.9824627041816711,
    0.9757810235023499,
    0.9689846038818359,
    0.9635956287384033,
    0.9602960348129272,
    0.9586578011512756,
    0.9578441381454468,
    0.9575082063674927,
    0.9567237496376038,
    0.9558170437812805,
    0.9560495018959045,
    0.9561841487884521,
    0.9553508162498474,
    0.9561430811882019,
    0.9556739926338196,
    0.9554518461227417,
    0.9556368589401245,
    0.9560245871543884,
    0.9554166793823242,
    0.9554861187934875,
    0.9559580087661743,
    0.9558590650558472,
    0.9554677605628967,
    0.955634355545044
  ],
  "mape_per_horizon_pct": [
    12.22269058227539,
    14.553053855895996,
    16.75519561767578,
    18.040727615356445,
    18.666046142578125,
    18.88286590576172,
    19.125293731689453,
    18.81525993347168,
    19.257518768310547,
    18.959150314331055,
    19.138355255126953,
    18.728084564208984,
    19.362628936767578,
    19.32013702392578,
    19.517534255981445,
    19.347776412963867,
    19.399850845336914,
    18.68992805480957,
    19.2762393951416,
    19.035634994506836,
    18.626262664794922,
    18.56694984436035,
    18.782047271728516,
    18.800426483154297
  ],
  "mape_epsilon": 1.0
}