{
  "rmse": 61.721920013427734,
  "mae": 29.90321922302246,
  "r2": 0.9464049935340881,
  "mape_pct": 23.364572525024414,
  "p90_abs_error": 100.4588623046875,
  "p95_abs_error": 144.45993041992188,
  "p99_abs_error": 245.39511108398438,
  "max_abs_error": 532.7247314453125
}