{
  "rmse_all_horizon": 61.727622985839844,
  "mae_all_horizon": 29.919713973999023,
  "r2_all_horizon": 0.9463950991630554,
  "mape_all_horizon_pct": 23.3695068359375,
  "rmse_per_horizon": [
    37.10139465332031,
    46.49507141113281,
    52.74433517456055,
    56.423702239990234,
    58.92807388305664,
    60.5345573425293,
    62.30397033691406,
    63.30086135864258,
    64.29064178466797,
    64.77405548095703,
    64.73848724365234,
    63.851097106933594,
    64.66548156738281,
    64.642578125,
    64.60122680664062,
    64.47274780273438,
    64.18594360351562,
    64.25104522705078,
    64.81788635253906,
    64.8956298828125,
    64.8294906616211,
    65.19464874267578,
    65.12361145019531,
    65.37939453125
  ],
  "mae_per_horizon": [
    17.70773696899414,
    22.27715492248535,
    25.403038024902344,
    27.399486541748047,
    28.672773361206055,
    29.509443283081055,
    30.27104949951172,
    30.933177947998047,
    31.445703506469727,
    31.54252052307129,
    31.50080108642578,
    31.149444580078125,
    31.662002563476562,
    31.536706924438477,
    31.57392120361328,
    31.458446502685547,
    31.208568572998047,
    31.422935485839844,
    31.8385009765625,
    31.81284523010254,
    31.77932357788086,
    31.93902587890625,
    31.878271102905273,
    32.14939498901367
  ],
  "r2_per_horizon": [
    0.9806375503540039,
    0.9695910811424255,
    0.960870623588562,
    0.9552299380302429,
    0.951181948184967,
    0.948483943939209,
    0.9454246163368225,
    0.9436606168746948,
    0.9418820738792419,
    0.9410022497177124,
    0.9410662651062012,
    0.9426732659339905,
    0.9412055015563965,
    0.9412440657615662,
    0.9413040280342102,
    0.9415125846862793,
    0.9420036673545837,
    0.9418659806251526,
    0.9408331513404846,
    0.9406952857971191,
    0.9408196806907654,
    0.9401541352272034,
    0.9402855038642883,
    0.9398128986358643
  ],
  "mape_per_horizon_pct": [
    14.506265640258789,
    18.259004592895508,
    20.573129653930664,
    22.047754287719727,
    22.92266845703125,
    23.211519241333008,
    23.59535789489746,
    24.037761688232422,
    24.448772430419922,
    24.6717472076416,
    24.943119049072266,
    24.239534378051758,
    24.67783546447754,
    24.53420639038086,
    24.543960571289062,
    24.503677368164062,
    24.235774993896484,
    24.105682373046875,
    24.570039749145508,
    24.32366371154785,
    24.111778259277344,
    24.41941261291504,
    24.351001739501953,
    25.01688575744629
  ],
  "mape_epsilon": 1.0
}