{
  "rmse_all_horizon": 48.80726623535156,
  "mae_all_horizon": 24.21043586730957,
  "r2_all_horizon": 0.9592680335044861,
  "mape_all_horizon_pct": 18.363021850585938,
  "rmse_per_horizon": [
    32.32608413696289,
    38.55660629272461,
    42.633636474609375,
    45.85502243041992,
    47.14885711669922,
    49.00227737426758,
    49.45030212402344,
    49.885440826416016,
    50.11673355102539,
    50.38478088378906,
    50.05626678466797,
    50.344512939453125,
    50.738685607910156,
    50.9810791015625,
    51.02240753173828,
    51.10390853881836,
    50.7074089050293,
    50.80187225341797,
    51.11479568481445,
    50.78496551513672,
    50.71949768066406,
    50.78807830810547,
    50.88954544067383,
    50.9584846496582
  ],
  "mae_per_horizon": [
    16.061199188232422,
    19.5106201171875,
    21.757469177246094,
    23.28731918334961,
    23.734516143798828,
    24.548673629760742,
    24.76824188232422,
    25.018144607543945,
    25.061031341552734,
    25.17504119873047,
    24.997913360595703,
    24.9921817779541,
    25.155750274658203,
    25.226482391357422,
    25.318357467651367,
    25.46123504638672,
    25.09931182861328,
    25.108440399169922,
    25.367565155029297,
    25.12645721435547,
    25.095046997070312,
    25.0832462310791,
    25.048402786254883,
    25.04778480529785
  ],
  "r2_per_horizon": [
    0.982127845287323,
    0.9745871424674988,
    0.9689415097236633,
    0.964084804058075,
    0.9620334506034851,
    0.9589875936508179,
    0.9582313299179077,
    0.957490861415863,
    0.9570952653884888,
    0.9566364884376526,
    0.9572030901908875,
    0.9567089676856995,
    0.9560174345970154,
    0.9555687308311462,
    0.9554625153541565,
    0.9552966952323914,
    0.9559776782989502,
    0.9558127522468567,
    0.9552698135375977,
    0.9558473825454712,
    0.9559621214866638,
    0.9558412432670593,
    0.955661416053772,
    0.9555488228797913
  ],
  "mape_per_horizon_pct": [
    12.252181053161621,
    15.004585266113281,
    16.748329162597656,
    17.887042999267578,
    18.188173294067383,
    18.777786254882812,
    18.732973098754883,
    18.893692016601562,
    19.117006301879883,
    18.86856460571289,
    19.02577018737793,
    18.528701782226562,
    19.199857711791992,
    19.365188598632812,
    19.567031860351562,
    19.604324340820312,
    19.14464569091797,
    18.705242156982422,
    19.317913055419922,
    19.1155948638916,
    18.642234802246094,
    18.49751853942871,
    18.763931274414062,
    18.75986099243164
  ],
  "mape_epsilon": 1.0
}