{
  "rmse_all_horizon": 56.70207595825195,
  "mae_all_horizon": 25.99951171875,
  "rmse_per_horizon": [
    33.6903190612793,
    41.19463348388672,
    47.288307189941406,
    52.00893783569336,
    55.372432708740234,
    57.46126174926758,
    57.999080657958984,
    58.315025329589844,
    58.62562561035156,
    58.24018478393555,
    58.13179016113281,
    58.38268280029297,
    59.266319274902344,
    59.36838150024414,
    59.5401611328125,
    60.50062561035156,
    59.943511962890625,
    59.27988815307617,
    59.581146240234375,
    59.21548843383789,
    59.56871795654297,
    59.37659454345703,
    59.22828674316406,
    60.43194580078125
  ],
  "mae_per_horizon": [
    15.539716720581055,
    18.938264846801758,
    21.63799476623535,
    23.809412002563477,
    25.245203018188477,
    26.29749298095703,
    26.630428314208984,
    26.913103103637695,
    26.99222755432129,
    26.97085952758789,
    27.04133415222168,
    26.925132751464844,
    27.28322410583496,
    27.267004013061523,
    27.22727394104004,
    27.764326095581055,
    27.820919036865234,
    27.688268661499023,
    27.65941047668457,
    27.472036361694336,
    27.637069702148438,
    27.54571533203125,
    27.556150436401367,
    28.125268936157227
  ]
}