{
  "rmse_all_horizon": 61.70547866821289,
  "mae_all_horizon": 29.910919189453125,
  "r2_all_horizon": 0.9464335441589355,
  "mape_all_horizon_pct": 23.352169036865234,
  "rmse_per_horizon": [
    37.088314056396484,
    46.63805389404297,
    52.19240188598633,
    55.75109100341797,
    58.70692443847656,
    61.36514663696289,
    62.5786247253418,
    63.37228775024414,
    64.43345642089844,
    64.26057434082031,
    64.14181518554688,
    64.04652404785156,
    64.74146270751953,
    64.76692199707031,
    64.71063232421875,
    64.04463195800781,
    63.67965316772461,
    64.30602264404297,
    64.9954605102539,
    64.9306411743164,
    65.02537536621094,
    65.36576080322266,
    65.42953491210938,
    65.33279418945312
  ],
  "mae_per_horizon": [
    17.671113967895508,
    22.37344741821289,
    25.1607723236084,
    27.02908706665039,
    28.677122116088867,
    29.8779239654541,
    30.40447425842285,
    30.91045379638672,
    31.433183670043945,
    31.404563903808594,
    31.39925193786621,
    31.068222045898438,
    31.60496711730957,
    31.642358779907227,
    31.630226135253906,
    31.349475860595703,
    31.23859977722168,
    31.345436096191406,
    31.912321090698242,
    31.83936882019043,
    31.893321990966797,
    32.027584075927734,
    32.06175231933594,
    31.9074649810791
  ],
  "r2_per_horizon": [
    0.9806511998176575,
    0.9694038033485413,
    0.9616851806640625,
    0.9562908411026001,
    0.9515476226806641,
    0.947060763835907,
    0.9449423551559448,
    0.9435333013534546,
    0.9416234493255615,
    0.9419338703155518,
    0.942147433757782,
    0.9423218369483948,
    0.941067099571228,
    0.9410178661346436,
    0.94110506772995,
    0.9422869086265564,
    0.9429149031639099,
    0.9417663216590881,
    0.9405087232589722,
    0.9406312108039856,
    0.9404615759849548,
    0.9398395419120789,
    0.9397231340408325,
    0.9398986101150513
  ],
  "mape_per_horizon_pct": [
    14.529983520507812,
    18.165931701660156,
    20.484392166137695,
    21.867433547973633,
    22.61651611328125,
    23.62763023376465,
    23.77199935913086,
    24.09861946105957,
    24.425945281982422,
    24.53080177307129,
    24.73700523376465,
    24.286529541015625,
    24.65181541442871,
    24.30678939819336,
    24.631250381469727,
    24.453622817993164,
    24.216144561767578,
    24.091815948486328,
    24.563854217529297,
    24.44974136352539,
    24.191328048706055,
    24.332990646362305,
    24.611799240112305,
    24.79096221923828
  ],
  "mape_epsilon": 1.0
}