{
  "rmse_all_horizon": 48.896453857421875,
  "mae_all_horizon": 24.2781925201416,
  "rmse_per_horizon": [
    31.972246170043945,
    37.59918212890625,
    42.68014144897461,
    45.98395919799805,
    48.3183708190918,
    49.1375846862793,
    49.84749984741211,
    49.689247131347656,
    50.35357666015625,
    50.75397491455078,
    50.84976577758789,
    50.55908203125,
    51.02227783203125,
    50.569637298583984,
    50.95011901855469,
    50.949527740478516,
    51.115177154541016,
    50.78208541870117,
    51.11457824707031,
    50.80598068237305,
    50.53548049926758,
    50.816375732421875,
    50.85293197631836,
    50.91160202026367
  ],
  "mae_per_horizon": [
    15.93324089050293,
    19.07718849182129,
    21.72063636779785,
    23.37773323059082,
    24.39007568359375,
    24.65648078918457,
    25.002918243408203,
    24.899301528930664,
    25.241552352905273,
    25.38785171508789,
    25.41487693786621,
    25.145557403564453,
    25.384571075439453,
    25.173063278198242,
    25.397714614868164,
    25.327783584594727,
    25.416927337646484,
    25.103389739990234,
    25.315128326416016,
    25.13905143737793,
    24.950725555419922,
    25.150829315185547,
    25.022184371948242,
    25.04731559753418
  ]
}