{
  "rmse_all_horizon": 77.3725357055664,
  "mae_all_horizon": 37.757408142089844,
  "rmse_per_horizon": [
    44.327537536621094,
    54.81128692626953,
    62.185359954833984,
    68.81804656982422,
    72.44127655029297,
    75.66505432128906,
    77.33643341064453,
    78.8427963256836,
    79.98863220214844,
    80.29570007324219,
    80.2162094116211,
    80.44080352783203,
    81.07938385009766,
    81.42283630371094,
    81.88217163085938,
    82.15457916259766,
    81.59876251220703,
    81.55401611328125,
    82.70743560791016,
    82.62630462646484,
    82.37671661376953,
    82.80667114257812,
    83.13562774658203,
    83.62494659423828
  ],
  "mae_per_horizon": [
    20.709226608276367,
    26.23607635498047,
    30.269756317138672,
    33.85828399658203,
    35.89154052734375,
    37.4393310546875,
    38.293758392333984,
    38.98891067504883,
    39.57887649536133,
    39.59383773803711,
    39.654571533203125,
    39.62301254272461,
    39.99397659301758,
    40.172874450683594,
    40.28501510620117,
    40.63226318359375,
    40.32376480102539,
    40.1351318359375,
    40.75185012817383,
    40.58856964111328,
    40.432838439941406,
    40.61702346801758,
    40.86040496826172,
    41.247074127197266
  ]
}