{
  "rmse_all_horizon": 59.52268981933594,
  "mae_all_horizon": 28.65508270263672,
  "rmse_per_horizon": [
    38.21170425415039,
    46.15018844604492,
    50.66035461425781,
    55.52117919921875,
    58.95466232299805,
    60.69041061401367,
    61.095245361328125,
    61.482337951660156,
    61.16819763183594,
    61.5023193359375,
    61.87253189086914,
    60.48243713378906,
    61.557838439941406,
    62.3434944152832,
    61.82527160644531,
    62.402549743652344,
    62.56055450439453,
    61.56770706176758,
    62.05555725097656,
    61.69918441772461,
    61.354042053222656,
    61.709930419921875,
    62.34120559692383,
    62.41514205932617
  ],
  "mae_per_horizon": [
    18.020668029785156,
    22.21571922302246,
    24.800922393798828,
    27.147323608398438,
    28.700084686279297,
    29.570886611938477,
    29.64156723022461,
    29.840700149536133,
    29.722759246826172,
    29.96240997314453,
    30.14380645751953,
    29.327341079711914,
    29.68716049194336,
    29.832847595214844,
    29.676179885864258,
    29.985193252563477,
    30.175464630126953,
    29.57483673095703,
    29.902057647705078,
    29.846153259277344,
    29.605318069458008,
    29.85268211364746,
    30.250343322753906,
    30.239606857299805
  ]
}