{
  "rmse_all_horizon": 56.816749572753906,
  "mae_all_horizon": 26.04068946838379,
  "r2_all_horizon": 0.9643909335136414,
  "mape_all_horizon_pct": 16.292816162109375,
  "rmse_per_horizon": [
    34.00498580932617,
    41.783447265625,
    48.446041107177734,
    52.6984748840332,
    55.360145568847656,
    56.70302200317383,
    58.10051345825195,
    58.49313735961914,
    59.23324966430664,
    58.72785949707031,
    58.48977279663086,
    58.36223602294922,
    59.17860794067383,
    59.468284606933594,
    59.967098236083984,
    60.485965728759766,
    59.87594223022461,
    59.40251159667969,
    59.785797119140625,
    59.40827560424805,
    58.988059997558594,
    59.23371124267578,
    58.71891784667969,
    60.33209228515625
  ],
  "mae_per_horizon": [
    15.703399658203125,
    19.096418380737305,
    22.269563674926758,
    24.135597229003906,
    25.283029556274414,
    26.003408432006836,
    26.56203269958496,
    26.942737579345703,
    27.306997299194336,
    27.120943069458008,
    27.026277542114258,
    26.86028480529785,
    27.16773223876953,
    27.337560653686523,
    27.473190307617188,
    27.847562789916992,
    27.667566299438477,
    27.574682235717773,
    27.66135025024414,
    27.648820877075195,
    27.498292922973633,
    27.453767776489258,
    27.379430770874023,
    27.956607818603516
  ],
  "r2_per_horizon": [
    0.9872211217880249,
    0.9807111620903015,
    0.97408127784729,
    0.9693470597267151,
    0.9661887288093567,
    0.9645382165908813,
    0.9627718925476074,
    0.9622658491134644,
    0.9613020420074463,
    0.9619580507278442,
    0.9622666239738464,
    0.9624335765838623,
    0.9613767862319946,
    0.9609986543655396,
    0.9603402018547058,
    0.9596506953239441,
    0.9604630470275879,
    0.9610882997512817,
    0.9605870842933655,
    0.9610861539840698,
    0.9616367220878601,
    0.961317241191864,
    0.9619852900505066,
    0.9598650336265564
  ],
  "mape_per_horizon_pct": [
    10.574460983276367,
    12.566177368164062,
    14.252595901489258,
    15.1290864944458,
    15.718353271484375,
    16.205961227416992,
    16.56023406982422,
    16.918581008911133,
    17.013044357299805,
    16.971269607543945,
    16.784549713134766,
    16.37727165222168,
    17.00419807434082,
    17.64054298400879,
    17.396862030029297,
    17.44434356689453,
    17.352994918823242,
    17.125030517578125,
    17.29846954345703,
    17.16021156311035,
    16.769989013671875,
    16.7206974029541,
    16.861663818359375,
    17.175125122070312
  ],
  "mape_epsilon": 1.0
}