{
  "rmse_all_horizon": 59.48725891113281,
  "mae_all_horizon": 28.654617309570312,
  "r2_all_horizon": 0.9524380564689636,
  "mape_all_horizon_pct": 21.058670043945312,
  "rmse_per_horizon": [
    38.116783142089844,
    46.210716247558594,
    50.722412109375,
    55.6338996887207,
    58.99883270263672,
    60.51840591430664,
    61.33204650878906,
    61.52906036376953,
    60.95473098754883,
    61.25938415527344,
    61.53127670288086,
    60.56587219238281,
    61.55461120605469,
    62.43333435058594,
    61.87116241455078,
    62.5143928527832,
    62.4310188293457,
    61.353885650634766,
    61.85270309448242,
    61.91752624511719,
    61.60523223876953,
    61.75079345703125,
    62.08599090576172,
    62.06526565551758
  ],
  "mae_per_horizon": [
    18.027788162231445,
    22.19247055053711,
    24.79277229309082,
    27.1943416595459,
    28.752378463745117,
    29.391647338867188,
    29.845714569091797,
    29.86270523071289,
    29.696744918823242,
    29.876976013183594,
    29.92177963256836,
    29.278860092163086,
    29.763240814208984,
    29.95587730407715,
    29.735933303833008,
    30.026945114135742,
    30.055343627929688,
    29.60446548461914,
    29.9022274017334,
    29.949188232421875,
    29.714746475219727,
    29.894710540771484,
    30.141958236694336,
    30.13146209716797
  ],
  "r2_per_horizon": [
    0.9804556369781494,
    0.971278965473175,
    0.9654082655906677,
    0.9584017395973206,
    0.9532325863838196,
    0.9508024454116821,
    0.9494739770889282,
    0.9491481184959412,
    0.9500895142555237,
    0.9495875835418701,
    0.9491397738456726,
    0.9507262706756592,
    0.9491073489189148,
    0.947643518447876,
    0.9485732316970825,
    0.947478175163269,
    0.9475998878479004,
    0.9493791460990906,
    0.9485479593276978,
    0.9484400749206543,
    0.948962390422821,
    0.9487225413322449,
    0.9481627345085144,
    0.9481938481330872
  ],
  "mape_per_horizon_pct": [
    13.6295747756958,
    16.7625732421875,
    18.403724670410156,
    20.088539123535156,
    21.069957733154297,
    21.30792236328125,
    21.939239501953125,
    22.063810348510742,
    21.62078094482422,
    21.79186248779297,
    22.008930206298828,
    21.052600860595703,
    21.998292922973633,
    22.14847183227539,
    22.101213455200195,
    22.324234008789062,
    22.14386749267578,
    21.614702224731445,
    22.086402893066406,
    22.18065643310547,
    21.62107276916504,
    21.783668518066406,
    21.926862716674805,
    21.730411529541016
  ],
  "mape_epsilon": 1.0
}