{
  "rmse_all_horizon": 59.700687408447266,
  "mae_all_horizon": 28.756370544433594,
  "r2_all_horizon": 0.952096164226532,
  "mape_all_horizon_pct": 21.120037078857422,
  "rmse_per_horizon": [
    38.57440948486328,
    47.35195541381836,
    52.534053802490234,
    56.31407928466797,
    58.94894027709961,
    59.25353240966797,
    61.07752227783203,
    61.604225158691406,
    61.94445037841797,
    61.69094467163086,
    61.87568664550781,
    60.33086395263672,
    61.318843841552734,
    62.643062591552734,
    62.472694396972656,
    62.76982498168945,
    62.700843811035156,
    61.43761444091797,
    61.90399932861328,
    61.760318756103516,
    61.73968505859375,
    61.707950592041016,
    62.35230255126953,
    62.19694900512695
  ],
  "mae_per_horizon": [
    18.261579513549805,
    22.486726760864258,
    25.404836654663086,
    27.362741470336914,
    28.81626319885254,
    28.998798370361328,
    29.704912185668945,
    29.997394561767578,
    30.1562442779541,
    30.02166175842285,
    30.11186408996582,
    29.216304779052734,
    29.72072982788086,
    30.099336624145508,
    29.99250602722168,
    30.093313217163086,
    30.269460678100586,
    29.569948196411133,
    29.933284759521484,
    29.778398513793945,
    29.82357406616211,
    29.878599166870117,
    30.290340423583984,
    30.163667678833008
  ],
  "r2_per_horizon": [
    0.9799835085868835,
    0.969842791557312,
    0.9628930687904358,
    0.9573783278465271,
    0.953311562538147,
    0.9528372883796692,
    0.949892520904541,
    0.9490236639976501,
    0.9484555721282959,
    0.948874831199646,
    0.9485688209533691,
    0.9511077404022217,
    0.949496328830719,
    0.9472911953926086,
    0.9475684762001038,
    0.9470481276512146,
    0.9471458792686462,
    0.9492409229278564,
    0.9484623670578003,
    0.9487013220787048,
    0.9487393498420715,
    0.9487936496734619,
    0.9477170705795288,
    0.9479736089706421
  ],
  "mape_per_horizon_pct": [
    13.64270305633545,
    16.830442428588867,
    18.924619674682617,
    20.176828384399414,
    21.31174659729004,
    20.74974250793457,
    21.615398406982422,
    21.934036254882812,
    21.95660972595215,
    21.98941421508789,
    22.296096801757812,
    20.877796173095703,
    21.975753784179688,
    22.261186599731445,
    22.38795280456543,
    22.4569034576416,
    22.507123947143555,
    21.424734115600586,
    22.100444793701172,
    22.172597885131836,
    21.898757934570312,
    21.841869354248047,
    22.028844833374023,
    21.510669708251953
  ],
  "mape_epsilon": 1.0
}